ID,Label,Degree
0,Node1,3
1,Node2,1
2,Node3,1
3,Node4,1
4,Node5,1
5,Node6,1
6,Node7,15
7,Node8,1
8,Node9,2
9,Node10,1
10,Node11,1
11,Node12,1
12,Node13,1
13,Node14,1
14,Node15,1
15,Node16,1
16,Node17,1
17,Node18,1
18,Node19,1
19,Node20,1
20,Node21,1
21,Node22,1
22,Node23,3
23,Node24,1
24,Node25,1
25,Node26,1
26,Node27,1
27,Node28,1
28,Node29,46
29,Node30,1
30,Node31,1
31,Node32,1
32,Node33,1
33,Node34,2
34,Node35,1
35,Node36,5
36,Node37,2
37,Node38,1
38,Node39,2
39,Node40,1
40,Node41,1
41,Node42,1
42,Node43,1
43,Node44,1
44,Node45,2
45,Node46,1
46,Node47,1
47,Node48,8
48,Node49,1
49,Node50,1
50,Node51,1
51,Node52,2
52,Node53,2
53,Node54,1
54,Node55,1
55,Node56,1
56,Node57,1
57,Node58,1
58,Node59,1
59,Node60,1
60,Node61,3
61,Node62,2
62,Node63,1
63,Node64,2
64,Node65,5
65,Node66,1
66,Node67,1
67,Node68,1
68,Node69,1
69,Node70,1
70,Node71,2
71,Node72,1
72,Node73,1
73,Node74,1
74,Node75,1
75,Node76,10
76,Node77,1
77,Node78,1
78,Node79,2
79,Node80,1
80,Node81,1
81,Node82,8
82,Node83,1
83,Node84,1
84,Node85,1
85,Node86,2
86,Node87,1
87,Node88,1
88,Node89,10
89,Node90,1
90,Node91,1
91,Node92,3
92,Node93,1
93,Node94,1
94,Node95,1
95,Node96,2
96,Node97,1
97,Node98,1
98,Node99,1
99,Node100,1
100,Node101,1
101,Node102,1
102,Node103,1
103,Node104,1
104,Node105,1
105,Node106,1
106,Node107,2
107,Node108,1
108,Node109,1
109,Node110,1
110,Node111,1
111,Node112,1
112,Node113,1
113,Node114,1
114,Node115,1
115,Node116,3
116,Node117,4
117,Node118,3
118,Node119,3
119,Node120,1
120,Node121,1
121,Node122,1
122,Node123,1
123,Node124,1
124,Node125,1
125,Node126,1
126,Node127,2
127,Node128,1
128,Node129,2
129,Node130,1
130,Node131,1
131,Node132,1
132,Node133,3
133,Node134,1
134,Node135,1
135,Node136,2
136,Node137,3
137,Node138,2
138,Node139,1
139,Node140,1
140,Node141,9
141,Node142,1
142,Node143,1
143,Node144,3
144,Node145,1
145,Node146,4
146,Node147,2
147,Node148,1
148,Node149,1
149,Node150,1
150,Node151,1
151,Node152,1
152,Node153,1
153,Node154,1
154,Node155,1
155,Node156,1
156,Node157,1
157,Node158,1
158,Node159,1
159,Node160,1
160,Node161,10
161,Node162,2
162,Node163,1
163,Node164,2
164,Node165,1
165,Node166,1
166,Node167,1
167,Node168,1
168,Node169,1
169,Node170,1
170,Node171,1
171,Node172,1
172,Node173,1
173,Node174,1
174,Node175,1
175,Node176,1
176,Node177,16
177,Node178,1
178,Node179,4
179,Node180,1
180,Node181,1
181,Node182,1
182,Node183,2
183,Node184,1
184,Node185,8
185,Node186,1
186,Node187,1
187,Node188,1
188,Node189,1
189,Node190,1
190,Node191,1
191,Node192,1
192,Node193,1
193,Node194,4
194,Node195,2
195,Node196,1
196,Node197,1
197,Node198,1
198,Node199,1
199,Node200,1
200,Node201,1
201,Node202,1
202,Node203,1
203,Node204,9
204,Node205,1
205,Node206,1
206,Node207,1
207,Node208,1
208,Node209,1
209,Node210,1
210,Node211,1
211,Node212,2
212,Node213,4
213,Node214,1
214,Node215,3
215,Node216,1
216,Node217,1
217,Node218,1
218,Node219,1
219,Node220,1
220,Node221,1
221,Node222,1
222,Node223,2
223,Node224,1
224,Node225,1
225,Node226,32
226,Node227,2
227,Node228,1
228,Node229,1
229,Node230,17
230,Node231,1
231,Node232,1
232,Node233,1
233,Node234,1
234,Node235,14
235,Node236,2
236,Node237,1
237,Node238,1
238,Node239,3
239,Node240,1
240,Node241,3
241,Node242,2
242,Node243,11
243,Node244,1
244,Node245,1
245,Node246,2
246,Node247,5
247,Node248,1
248,Node249,1
249,Node250,1
250,Node251,1
251,Node252,3
252,Node253,4
253,Node254,1
254,Node255,3
255,Node256,1
256,Node257,1
257,Node258,1
258,Node259,1
259,Node260,1
260,Node261,1
261,Node262,1
262,Node263,1
263,Node264,1
264,Node265,2
265,Node266,1
266,Node267,5
267,Node268,1
268,Node269,1
269,Node270,1
270,Node271,1
271,Node272,1
272,Node273,1
273,Node274,1
274,Node275,1
275,Node276,1
276,Node277,8
277,Node278,5
278,Node279,1
279,Node280,1
280,Node281,1
281,Node282,1
282,Node283,1
283,Node284,1
284,Node285,5
285,Node286,1
286,Node287,1
287,Node288,1
288,Node289,8
289,Node290,10
290,Node291,1
291,Node292,1
292,Node293,1
293,Node294,1
294,Node295,3
295,Node296,1
296,Node297,1
297,Node298,2
298,Node299,3
299,Node300,1
300,Node301,1
301,Node302,42
302,Node303,1
303,Node304,2
304,Node305,1
305,Node306,3
306,Node307,2
307,Node308,3
308,Node309,3
309,Node310,1
310,Node311,1
311,Node312,1
312,Node313,1
313,Node314,1
314,Node315,1
315,Node316,2
316,Node317,2
317,Node318,1
318,Node319,1
319,Node320,1
320,Node321,1
321,Node322,1
322,Node323,1
323,Node324,1
324,Node325,1
325,Node326,2
326,Node327,1
327,Node328,1
328,Node329,1
329,Node330,1
330,Node331,1
331,Node332,2
332,Node333,1
333,Node334,1
334,Node335,1
335,Node336,1
336,Node337,2
337,Node338,2
338,Node339,1
339,Node340,1
340,Node341,1
341,Node342,1
342,Node343,13
343,Node344,1
344,Node345,1
345,Node346,2
346,Node347,1
347,Node348,2
348,Node349,1
349,Node350,1
350,Node351,1
351,Node352,1
352,Node353,2
353,Node354,1
354,Node355,2
355,Node356,1
356,Node357,1
357,Node358,1
358,Node359,1
359,Node360,1
360,Node361,1
361,Node362,1
362,Node363,1
363,Node364,1
364,Node365,1
365,Node366,1
366,Node367,1
367,Node368,1
368,Node369,2
369,Node370,1
370,Node371,1
371,Node372,1
372,Node373,2
373,Node374,1
374,Node375,1
375,Node376,4
376,Node377,1
377,Node378,1
378,Node379,1
379,Node380,2
380,Node381,2
381,Node382,1
382,Node383,1
383,Node384,1
384,Node385,1
385,Node386,1
386,Node387,1
387,Node388,1
388,Node389,1
389,Node390,3
390,Node391,1
391,Node392,1
392,Node393,1
393,Node394,1
394,Node395,1
395,Node396,1
396,Node397,1
397,Node398,2
398,Node399,1
399,Node400,1
400,Node401,1
401,Node402,1
402,Node403,1
403,Node404,1
404,Node405,1
405,Node406,9
406,Node407,1
407,Node408,1
408,Node409,1
409,Node410,2
410,Node411,1
411,Node412,1
412,Node413,1
413,Node414,1
414,Node415,1
415,Node416,1
416,Node417,1
417,Node418,1
418,Node419,1
419,Node420,1
420,Node421,1
421,Node422,1
422,Node423,1
423,Node424,1
424,Node425,2
425,Node426,2
426,Node427,1
427,Node428,2
428,Node429,1
429,Node430,2
430,Node431,1
431,Node432,3
432,Node433,2
433,Node434,1
434,Node435,1
435,Node436,11
436,Node437,1
437,Node438,1
438,Node439,1
439,Node440,3
440,Node441,2
441,Node442,1
442,Node443,1
443,Node444,5
444,Node445,1
445,Node446,4
446,Node447,1
447,Node448,1
448,Node449,1
449,Node450,2
450,Node451,4
451,Node452,5
452,Node453,1
453,Node454,1
454,Node455,1
455,Node456,1
456,Node457,1
457,Node458,1
458,Node459,1
459,Node460,2
460,Node461,1
461,Node462,1
462,Node463,1
463,Node464,1
464,Node465,1
465,Node466,1
466,Node467,1
467,Node468,1
468,Node469,1
469,Node470,8
470,Node471,1
471,Node472,1
472,Node473,1
473,Node474,1
474,Node475,1
475,Node476,1
476,Node477,1
477,Node478,2
478,Node479,1
479,Node480,1
480,Node481,4
481,Node482,1
482,Node483,1
483,Node484,1
484,Node485,1
485,Node486,1
486,Node487,3
487,Node488,4
488,Node489,1
489,Node490,1
490,Node491,1
491,Node492,3
492,Node493,1
493,Node494,1
494,Node495,1
495,Node496,1
496,Node497,1
497,Node498,1
498,Node499,1
499,Node500,2
500,Node501,1
501,Node502,3
502,Node503,3
503,Node504,1
504,Node505,13
505,Node506,1
506,Node507,1
507,Node508,1
508,Node509,1
509,Node510,1
510,Node511,2
511,Node512,1
512,Node513,2
513,Node514,1
514,Node515,1
515,Node516,1
516,Node517,1
517,Node518,1
518,Node519,1
519,Node520,1
520,Node521,1
521,Node522,1
522,Node523,1
523,Node524,1
524,Node525,1
525,Node526,1
526,Node527,1
527,Node528,2
528,Node529,1
529,Node530,2
530,Node531,1
531,Node532,1
532,Node533,2
533,Node534,1
534,Node535,1
535,Node536,1
536,Node537,1
537,Node538,1
538,Node539,1
539,Node540,1
540,Node541,1
541,Node542,1
542,Node543,1
543,Node544,1
544,Node545,1
545,Node546,2
546,Node547,2
547,Node548,1
548,Node549,1
549,Node550,1
550,Node551,2
551,Node552,1
552,Node553,2
553,Node554,1
554,Node555,4
555,Node556,1
556,Node557,1
557,Node558,1
558,Node559,1
559,Node560,4
560,Node561,2
561,Node562,1
562,Node563,1
563,Node564,1
564,Node565,1
565,Node566,1
566,Node567,1
567,Node568,1
568,Node569,1
569,Node570,1
570,Node571,1
571,Node572,1
572,Node573,1
573,Node574,1
574,Node575,2
575,Node576,1
576,Node577,1
577,Node578,2
578,Node579,1
579,Node580,1
580,Node581,1
581,Node582,2
582,Node583,1
583,Node584,1
584,Node585,1
585,Node586,1
586,Node587,1
587,Node588,1
588,Node589,2
589,Node590,2
590,Node591,1
591,Node592,5
592,Node593,2
593,Node594,5
594,Node595,2
595,Node596,1
596,Node597,1
597,Node598,1
598,Node599,2
599,Node600,1
600,Node601,1
601,Node602,3
602,Node603,1
603,Node604,1
604,Node605,1
605,Node606,1
606,Node607,1
607,Node608,1
608,Node609,1
609,Node610,1
610,Node611,5
611,Node612,1
612,Node613,2
613,Node614,1
614,Node615,1
615,Node616,1
616,Node617,1
617,Node618,1
618,Node619,1
619,Node620,1
620,Node621,1
621,Node622,1
622,Node623,1
623,Node624,1
624,Node625,1
625,Node626,1
626,Node627,1
627,Node628,1
628,Node629,2
629,Node630,1
630,Node631,1
631,Node632,1
632,Node633,1
633,Node634,1
634,Node635,1
635,Node636,1
636,Node637,2
637,Node638,2
638,Node639,1
639,Node640,1
640,Node641,1
641,Node642,1
642,Node643,1
643,Node644,2
644,Node645,6
645,Node646,10
646,Node647,1
647,Node648,1
648,Node649,1
649,Node650,1
650,Node651,2
651,Node652,1
652,Node653,1
653,Node654,1
654,Node655,3
655,Node656,5
656,Node657,3
657,Node658,1
658,Node659,2
659,Node660,1
660,Node661,5
661,Node662,2
662,Node663,1
663,Node664,1
664,Node665,1
665,Node666,1
666,Node667,1
667,Node668,1
668,Node669,1
669,Node670,2
670,Node671,1
671,Node672,7
672,Node673,1
673,Node674,1
674,Node675,1
675,Node676,1
676,Node677,1
677,Node678,1
678,Node679,1
679,Node680,2
680,Node681,1
681,Node682,1
682,Node683,2
683,Node684,1
684,Node685,4
685,Node686,1
686,Node687,1
687,Node688,1
688,Node689,1
689,Node690,1
690,Node691,1
691,Node692,1
692,Node693,1
693,Node694,2
694,Node695,1
695,Node696,1
696,Node697,2
697,Node698,1
698,Node699,2
699,Node700,1
700,Node701,1
701,Node702,1
702,Node703,4
703,Node704,1
704,Node705,1
705,Node706,1
706,Node707,1
707,Node708,1
708,Node709,1
709,Node710,1
710,Node711,1
711,Node712,1
712,Node713,1
713,Node714,1
714,Node715,1
715,Node716,1
716,Node717,1
717,Node718,1
718,Node719,1
719,Node720,1
720,Node721,19
721,Node722,1
722,Node723,4
723,Node724,1
724,Node725,3
725,Node726,1
726,Node727,2
727,Node728,1
728,Node729,2
729,Node730,1
730,Node731,6
731,Node732,1
732,Node733,1
733,Node734,2
734,Node735,1
735,Node736,1
736,Node737,1
737,Node738,2
738,Node739,1
739,Node740,1
740,Node741,1
741,Node742,1
742,Node743,1
743,Node744,1
744,Node745,1
745,Node746,1
746,Node747,2
747,Node748,1
748,Node749,1
749,Node750,1
750,Node751,3
751,Node752,1
752,Node753,1
753,Node754,12
754,Node755,1
755,Node756,5
756,Node757,1
757,Node758,1
758,Node759,1
759,Node760,2
760,Node761,2
761,Node762,1
762,Node763,1
763,Node764,7
764,Node765,2
765,Node766,1
766,Node767,1
767,Node768,2
768,Node769,1
769,Node770,2
770,Node771,1
771,Node772,3
772,Node773,1
773,Node774,1
774,Node775,1
775,Node776,1
776,Node777,1
777,Node778,2
778,Node779,1
779,Node780,1
780,Node781,1
781,Node782,1
782,Node783,2
783,Node784,1
784,Node785,1
785,Node786,1
786,Node787,1
787,Node788,2
788,Node789,1
789,Node790,1
790,Node791,1
791,Node792,1
792,Node793,1
793,Node794,1
794,Node795,2
795,Node796,1
796,Node797,1
797,Node798,2
798,Node799,3
799,Node800,1
800,Node801,1
801,Node802,2
802,Node803,1
803,Node804,1
804,Node805,1
805,Node806,1
806,Node807,1
807,Node808,13
808,Node809,2
809,Node810,1
810,Node811,1
811,Node812,1
812,Node813,1
813,Node814,2
814,Node815,4
815,Node816,2
816,Node817,3
817,Node818,1
818,Node819,1
819,Node820,2
820,Node821,1
821,Node822,1
822,Node823,2
823,Node824,3
824,Node825,1
825,Node826,1
826,Node827,1
827,Node828,1
828,Node829,4
829,Node830,1
830,Node831,1
831,Node832,1
832,Node833,1
833,Node834,1
834,Node835,2
835,Node836,2
836,Node837,1
837,Node838,1
838,Node839,2
839,Node840,1
840,Node841,1
841,Node842,2
842,Node843,1
843,Node844,2
844,Node845,7
845,Node846,1
846,Node847,1
847,Node848,1
848,Node849,9
849,Node850,1
850,Node851,1
851,Node852,1
852,Node853,1
853,Node854,1
854,Node855,1
855,Node856,1
856,Node857,6
857,Node858,1
858,Node859,1
859,Node860,1
860,Node861,1
861,Node862,1
862,Node863,2
863,Node864,1
864,Node865,1
865,Node866,1
866,Node867,1
867,Node868,2
868,Node869,1
869,Node870,1
870,Node871,1
871,Node872,1
872,Node873,1
873,Node874,1
874,Node875,1
875,Node876,1
876,Node877,1
877,Node878,1
878,Node879,1
879,Node880,1
880,Node881,1
881,Node882,1
882,Node883,1
883,Node884,1
884,Node885,1
885,Node886,1
886,Node887,1
887,Node888,1
888,Node889,1
889,Node890,1
890,Node891,1
891,Node892,1
892,Node893,1
893,Node894,1
894,Node895,1
895,Node896,1
896,Node897,1
897,Node898,1
898,Node899,1
899,Node900,1
900,Node901,2
901,Node902,1
902,Node903,1
903,Node904,10
904,Node905,1
905,Node906,1
906,Node907,1
907,Node908,1
908,Node909,1
909,Node910,1
910,Node911,1
911,Node912,1
912,Node913,1
913,Node914,1
914,Node915,3
915,Node916,1
916,Node917,1
917,Node918,5
918,Node919,3
919,Node920,1
920,Node921,1
921,Node922,8
922,Node923,1
923,Node924,2
924,Node925,2
925,Node926,1
926,Node927,1
927,Node928,1
928,Node929,1
929,Node930,4
930,Node931,1
931,Node932,2
932,Node933,1
933,Node934,1
934,Node935,1
935,Node936,1
936,Node937,1
937,Node938,2
938,Node939,3
939,Node940,2
940,Node941,1
941,Node942,1
942,Node943,1
943,Node944,2
944,Node945,1
945,Node946,2
946,Node947,1
947,Node948,8
948,Node949,2
949,Node950,1
950,Node951,1
951,Node952,2
952,Node953,1
953,Node954,4
954,Node955,1
955,Node956,2
956,Node957,1
957,Node958,1
958,Node959,1
959,Node960,1
960,Node961,1
961,Node962,1
962,Node963,2
963,Node964,5
964,Node965,2
965,Node966,1
966,Node967,2
967,Node968,1
968,Node969,1
969,Node970,3
970,Node971,1
971,Node972,1
972,Node973,1
973,Node974,1
974,Node975,1
975,Node976,1
976,Node977,3
977,Node978,1
978,Node979,1
979,Node980,1
980,Node981,1
981,Node982,1
982,Node983,1
983,Node984,2
984,Node985,5
985,Node986,1
986,Node987,1
987,Node988,1
988,Node989,1
989,Node990,2
990,Node991,1
991,Node992,1
992,Node993,3
993,Node994,1
994,Node995,3
995,Node996,1
996,Node997,1
997,Node998,1
998,Node999,2
999,Node1000,1
1000,Node1001,1
1001,Node1002,2
1002,Node1003,1
1003,Node1004,2
1004,Node1005,1
1005,Node1006,1
1006,Node1007,6
1007,Node1008,1
1008,Node1009,1
1009,Node1010,5
1010,Node1011,1
1011,Node1012,1
1012,Node1013,3
1013,Node1014,1
1014,Node1015,1
1015,Node1016,1
1016,Node1017,1
1017,Node1018,1
1018,Node1019,2
1019,Node1020,1
1020,Node1021,1
1021,Node1022,1
1022,Node1023,1
1023,Node1024,1
1024,Node1025,3
1025,Node1026,1
1026,Node1027,1
1027,Node1028,1
1028,Node1029,1
1029,Node1030,4
1030,Node1031,1
1031,Node1032,1
1032,Node1033,1
1033,Node1034,1
1034,Node1035,5
1035,Node1036,1
1036,Node1037,1
1037,Node1038,1
1038,Node1039,1
1039,Node1040,1
1040,Node1041,1
1041,Node1042,1
1042,Node1043,1
1043,Node1044,1
1044,Node1045,2
1045,Node1046,3
1046,Node1047,1
1047,Node1048,2
1048,Node1049,1
1049,Node1050,2
1050,Node1051,1
1051,Node1052,2
1052,Node1053,1
1053,Node1054,1
1054,Node1055,5
1055,Node1056,1
1056,Node1057,1
1057,Node1058,1
1058,Node1059,1
1059,Node1060,2
1060,Node1061,1
1061,Node1062,1
1062,Node1063,2
1063,Node1064,1
1064,Node1065,2
1065,Node1066,1
1066,Node1067,1
1067,Node1068,1
1068,Node1069,1
1069,Node1070,3
1070,Node1071,1
1071,Node1072,2
1072,Node1073,2
1073,Node1074,2
1074,Node1075,1
1075,Node1076,1
1076,Node1077,1
1077,Node1078,2
1078,Node1079,1
1079,Node1080,1
1080,Node1081,4
1081,Node1082,1
1082,Node1083,1
1083,Node1084,3
1084,Node1085,2
1085,Node1086,1
1086,Node1087,5
1087,Node1088,2
1088,Node1089,1
1089,Node1090,2
1090,Node1091,1
1091,Node1092,1
1092,Node1093,1
1093,Node1094,1
1094,Node1095,1
1095,Node1096,1
1096,Node1097,1
1097,Node1098,1
1098,Node1099,2
1099,Node1100,1
1100,Node1101,1
1101,Node1102,1
1102,Node1103,1
1103,Node1104,1
1104,Node1105,1
1105,Node1106,1
1106,Node1107,1
1107,Node1108,2
1108,Node1109,1
1109,Node1110,1
1110,Node1111,1
1111,Node1112,3
1112,Node1113,2
1113,Node1114,1
1114,Node1115,2
1115,Node1116,1
1116,Node1117,1
1117,Node1118,1
1118,Node1119,11
1119,Node1120,2
1120,Node1121,12
1121,Node1122,2
1122,Node1123,4
1123,Node1124,3
1124,Node1125,2
1125,Node1126,1
1126,Node1127,1
1127,Node1128,1
1128,Node1129,1
1129,Node1130,1
1130,Node1131,1
1131,Node1132,1
1132,Node1133,2
1133,Node1134,1
1134,Node1135,6
1135,Node1136,1
1136,Node1137,1
1137,Node1138,2
1138,Node1139,1
1139,Node1140,1
1140,Node1141,1
1141,Node1142,1
1142,Node1143,1
1143,Node1144,1
1144,Node1145,3
1145,Node1146,1
1146,Node1147,1
1147,Node1148,2
1148,Node1149,2
1149,Node1150,1
1150,Node1151,1
1151,Node1152,1
1152,Node1153,1
1153,Node1154,1
1154,Node1155,1
1155,Node1156,2
1156,Node1157,1
1157,Node1158,1
1158,Node1159,3
1159,Node1160,2
1160,Node1161,1
1161,Node1162,1
1162,Node1163,2
1163,Node1164,1
1164,Node1165,1
1165,Node1166,1
1166,Node1167,1
1167,Node1168,1
1168,Node1169,2
1169,Node1170,1
1170,Node1171,1
1171,Node1172,1
1172,Node1173,2
1173,Node1174,1
1174,Node1175,1
1175,Node1176,1
1176,Node1177,1
1177,Node1178,1
1178,Node1179,4
1179,Node1180,1
1180,Node1181,1
1181,Node1182,7
1182,Node1183,1
1183,Node1184,1
1184,Node1185,1
1185,Node1186,1
1186,Node1187,1
1187,Node1188,1
1188,Node1189,1
1189,Node1190,1
1190,Node1191,1
1191,Node1192,1
1192,Node1193,2
1193,Node1194,2
1194,Node1195,1
1195,Node1196,1
1196,Node1197,1
1197,Node1198,1
1198,Node1199,1
1199,Node1200,2
1200,Node1201,1
1201,Node1202,3
1202,Node1203,1
1203,Node1204,4
1204,Node1205,1
1205,Node1206,2
1206,Node1207,20
1207,Node1208,2
1208,Node1209,8
1209,Node1210,1
1210,Node1211,1
1211,Node1212,3
1212,Node1213,1
1213,Node1214,1
1214,Node1215,1
1215,Node1216,1
1216,Node1217,1
1217,Node1218,1
1218,Node1219,1
1219,Node1220,3
1220,Node1221,1
1221,Node1222,1
1222,Node1223,1
1223,Node1224,1
1224,Node1225,1
1225,Node1226,1
1226,Node1227,2
1227,Node1228,1
1228,Node1229,2
1229,Node1230,5
1230,Node1231,1
1231,Node1232,32
1232,Node1233,2
1233,Node1234,1
1234,Node1235,4
1235,Node1236,1
1236,Node1237,1
1237,Node1238,3
1238,Node1239,1
1239,Node1240,1
1240,Node1241,1
1241,Node1242,1
1242,Node1243,1
1243,Node1244,1
1244,Node1245,1
1245,Node1246,1
1246,Node1247,1
1247,Node1248,1
1248,Node1249,1
1249,Node1250,4
1250,Node1251,1
1251,Node1252,1
1252,Node1253,1
1253,Node1254,1
1254,Node1255,1
1255,Node1256,1
1256,Node1257,1
1257,Node1258,1
1258,Node1259,1
1259,Node1260,1
1260,Node1261,1
1261,Node1262,1
1262,Node1263,3
1263,Node1264,1
1264,Node1265,12
1265,Node1266,5
1266,Node1267,1
1267,Node1268,1
1268,Node1269,1
1269,Node1270,1
1270,Node1271,1
1271,Node1272,5
1272,Node1273,3
1273,Node1274,1
1274,Node1275,1
1275,Node1276,1
1276,Node1277,2
1277,Node1278,1
1278,Node1279,1
1279,Node1280,3
1280,Node1281,1
1281,Node1282,5
1282,Node1283,1
1283,Node1284,1
1284,Node1285,1
1285,Node1286,1
1286,Node1287,1
1287,Node1288,2
1288,Node1289,4
1289,Node1290,1
1290,Node1291,2
1291,Node1292,9
1292,Node1293,1
1293,Node1294,1
1294,Node1295,1
1295,Node1296,3
1296,Node1297,6
1297,Node1298,1
1298,Node1299,1
1299,Node1300,1
1300,Node1301,3
1301,Node1302,2
1302,Node1303,1
1303,Node1304,2
1304,Node1305,1
1305,Node1306,1
1306,Node1307,2
1307,Node1308,2
1308,Node1309,1
1309,Node1310,1
1310,Node1311,1
1311,Node1312,1
1312,Node1313,1
1313,Node1314,1
1314,Node1315,1
1315,Node1316,1
1316,Node1317,1
1317,Node1318,1
1318,Node1319,1
1319,Node1320,1
1320,Node1321,1
1321,Node1322,2
1322,Node1323,1
1323,Node1324,1
1324,Node1325,1
1325,Node1326,1
1326,Node1327,1
1327,Node1328,1
1328,Node1329,1
1329,Node1330,2
1330,Node1331,1
1331,Node1332,1
1332,Node1333,1
1333,Node1334,3
1334,Node1335,1
1335,Node1336,1
1336,Node1337,1
1337,Node1338,1
1338,Node1339,1
1339,Node1340,1
1340,Node1341,1
1341,Node1342,1
1342,Node1343,1
1343,Node1344,1
1344,Node1345,1
1345,Node1346,2
1346,Node1347,2
1347,Node1348,9
1348,Node1349,6
1349,Node1350,3
1350,Node1351,1
1351,Node1352,1
1352,Node1353,1
1353,Node1354,1
1354,Node1355,1
1355,Node1356,4
1356,Node1357,1
1357,Node1358,1
1358,Node1359,2
1359,Node1360,1
1360,Node1361,1
1361,Node1362,1
1362,Node1363,1
1363,Node1364,1
1364,Node1365,3
1365,Node1366,37
1366,Node1367,4
1367,Node1368,1
1368,Node1369,1
1369,Node1370,6
1370,Node1371,1
1371,Node1372,1
1372,Node1373,1
1373,Node1374,1
1374,Node1375,1
1375,Node1376,1
1376,Node1377,1
1377,Node1378,1
1378,Node1379,1
1379,Node1380,4
1380,Node1381,1
1381,Node1382,1
1382,Node1383,1
1383,Node1384,1
1384,Node1385,1
1385,Node1386,1
1386,Node1387,1
1387,Node1388,1
1388,Node1389,1
1389,Node1390,2
1390,Node1391,2
1391,Node1392,1
1392,Node1393,1
1393,Node1394,2
1394,Node1395,1
1395,Node1396,1
1396,Node1397,2
1397,Node1398,1
1398,Node1399,1
1399,Node1400,1
1400,Node1401,13
1401,Node1402,1
1402,Node1403,1
1403,Node1404,1
1404,Node1405,1
1405,Node1406,1
1406,Node1407,1
1407,Node1408,1
1408,Node1409,1
1409,Node1410,37
1410,Node1411,3
1411,Node1412,1
1412,Node1413,1
1413,Node1414,2
1414,Node1415,1
1415,Node1416,1
1416,Node1417,3
1417,Node1418,1
1418,Node1419,1
1419,Node1420,2
1420,Node1421,1
1421,Node1422,1
1422,Node1423,1
1423,Node1424,1
1424,Node1425,1
1425,Node1426,2
1426,Node1427,1
1427,Node1428,1
1428,Node1429,1
1429,Node1430,2
1430,Node1431,2
1431,Node1432,1
1432,Node1433,1
1433,Node1434,1
1434,Node1435,4
1435,Node1436,1
1436,Node1437,1
1437,Node1438,1
1438,Node1439,1
1439,Node1440,1
1440,Node1441,1
1441,Node1442,1
1442,Node1443,1
1443,Node1444,1
1444,Node1445,1
1445,Node1446,1
1446,Node1447,1
1447,Node1448,1
1448,Node1449,1
1449,Node1450,1
1450,Node1451,1
1451,Node1452,1
1452,Node1453,1
1453,Node1454,1
1454,Node1455,1
1455,Node1456,1
1456,Node1457,1
1457,Node1458,2
1458,Node1459,1
1459,Node1460,1
1460,Node1461,1
1461,Node1462,1
1462,Node1463,1
1463,Node1464,1
1464,Node1465,1
1465,Node1466,1
1466,Node1467,1
1467,Node1468,1
1468,Node1469,2
1469,Node1470,2
1470,Node1471,1
1471,Node1472,1
1472,Node1473,1
1473,Node1474,4
1474,Node1475,3
1475,Node1476,1
1476,Node1477,1
1477,Node1478,5
1478,Node1479,1
1479,Node1480,19
1480,Node1481,1
1481,Node1482,1
1482,Node1483,1
1483,Node1484,4
1484,Node1485,1
1485,Node1486,2
1486,Node1487,5
1487,Node1488,2
1488,Node1489,1
1489,Node1490,6
1490,Node1491,1
1491,Node1492,2
1492,Node1493,1
1493,Node1494,1
1494,Node1495,1
1495,Node1496,28
1496,Node1497,1
1497,Node1498,4
1498,Node1499,1
1499,Node1500,3
1500,Node1501,1
1501,Node1502,1
1502,Node1503,3
1503,Node1504,1
1504,Node1505,1
1505,Node1506,1
1506,Node1507,2
1507,Node1508,2
1508,Node1509,1
1509,Node1510,1
1510,Node1511,3
1511,Node1512,1
1512,Node1513,1
1513,Node1514,4
1514,Node1515,1
1515,Node1516,1
1516,Node1517,2
1517,Node1518,1
1518,Node1519,1
1519,Node1520,1
1520,Node1521,3
1521,Node1522,1
1522,Node1523,1
1523,Node1524,1
1524,Node1525,1
1525,Node1526,1
1526,Node1527,2
1527,Node1528,1
1528,Node1529,1
1529,Node1530,1
1530,Node1531,2
1531,Node1532,1
1532,Node1533,2
1533,Node1534,1
1534,Node1535,1
1535,Node1536,1
1536,Node1537,1
1537,Node1538,1
1538,Node1539,1
1539,Node1540,3
1540,Node1541,1
1541,Node1542,1
1542,Node1543,1
1543,Node1544,1
1544,Node1545,1
1545,Node1546,1
1546,Node1547,1
1547,Node1548,1
1548,Node1549,1
1549,Node1550,1
1550,Node1551,3
1551,Node1552,2
1552,Node1553,2
1553,Node1554,1
1554,Node1555,2
1555,Node1556,1
1556,Node1557,2
1557,Node1558,3
1558,Node1559,11
1559,Node1560,1
1560,Node1561,5
1561,Node1562,1
1562,Node1563,1
1563,Node1564,1
1564,Node1565,1
1565,Node1566,2
1566,Node1567,4
1567,Node1568,1
1568,Node1569,1
1569,Node1570,1
1570,Node1571,1
1571,Node1572,1
1572,Node1573,2
1573,Node1574,2
1574,Node1575,2
1575,Node1576,2
1576,Node1577,1
1577,Node1578,3
1578,Node1579,1
1579,Node1580,2
1580,Node1581,1
1581,Node1582,2
1582,Node1583,1
1583,Node1584,1
1584,Node1585,2
1585,Node1586,6
1586,Node1587,1
1587,Node1588,1
1588,Node1589,5
1589,Node1590,1
1590,Node1591,1
1591,Node1592,1
1592,Node1593,4
1593,Node1594,2
1594,Node1595,1
1595,Node1596,1
1596,Node1597,2
1597,Node1598,1
1598,Node1599,2
1599,Node1600,1
1600,Node1601,12
1601,Node1602,1
1602,Node1603,1
1603,Node1604,1
1604,Node1605,1
1605,Node1606,2
1606,Node1607,1
1607,Node1608,1
1608,Node1609,1
1609,Node1610,1
1610,Node1611,1
1611,Node1612,1
1612,Node1613,1
1613,Node1614,1
1614,Node1615,1
1615,Node1616,1
1616,Node1617,1
1617,Node1618,2
1618,Node1619,1
1619,Node1620,1
1620,Node1621,1
1621,Node1622,1
1622,Node1623,1
1623,Node1624,1
1624,Node1625,6
1625,Node1626,1
1626,Node1627,1
1627,Node1628,1
1628,Node1629,1
1629,Node1630,2
1630,Node1631,1
1631,Node1632,4
1632,Node1633,1
1633,Node1634,1
1634,Node1635,1
1635,Node1636,4
1636,Node1637,2
1637,Node1638,1
1638,Node1639,1
1639,Node1640,1
1640,Node1641,1
1641,Node1642,1
1642,Node1643,1
1643,Node1644,5
1644,Node1645,2
1645,Node1646,1
1646,Node1647,1
1647,Node1648,1
1648,Node1649,2
1649,Node1650,1
1650,Node1651,1
1651,Node1652,3
1652,Node1653,1
1653,Node1654,2
1654,Node1655,1
1655,Node1656,1
1656,Node1657,1
1657,Node1658,1
1658,Node1659,1
1659,Node1660,1
1660,Node1661,1
1661,Node1662,1
1662,Node1663,1
1663,Node1664,1
1664,Node1665,2
1665,Node1666,2
1666,Node1667,1
1667,Node1668,1
1668,Node1669,12
1669,Node1670,1
1670,Node1671,1
1671,Node1672,1
1672,Node1673,1
1673,Node1674,1
1674,Node1675,1
1675,Node1676,1
1676,Node1677,1
1677,Node1678,1
1678,Node1679,1
1679,Node1680,1
1680,Node1681,1
1681,Node1682,1
1682,Node1683,3
1683,Node1684,1
1684,Node1685,1
1685,Node1686,1
1686,Node1687,1
1687,Node1688,4
1688,Node1689,1
1689,Node1690,1
1690,Node1691,1
1691,Node1692,1
1692,Node1693,1
1693,Node1694,1
1694,Node1695,2
1695,Node1696,1
1696,Node1697,1
1697,Node1698,1
1698,Node1699,1
1699,Node1700,1
1700,Node1701,1
1701,Node1702,1
1702,Node1703,1
1703,Node1704,1
1704,Node1705,1
1705,Node1706,1
1706,Node1707,1
1707,Node1708,1
1708,Node1709,3
1709,Node1710,2
1710,Node1711,5
1711,Node1712,2
1712,Node1713,1
1713,Node1714,1
1714,Node1715,1
1715,Node1716,4
1716,Node1717,1
1717,Node1718,1
1718,Node1719,1
1719,Node1720,2
1720,Node1721,1
1721,Node1722,1
1722,Node1723,1
1723,Node1724,1
1724,Node1725,1
1725,Node1726,1
1726,Node1727,1
1727,Node1728,1
1728,Node1729,1
1729,Node1730,3
1730,Node1731,3
1731,Node1732,1
1732,Node1733,2
1733,Node1734,2
1734,Node1735,1
1735,Node1736,1
1736,Node1737,1
1737,Node1738,2
1738,Node1739,1
1739,Node1740,2
1740,Node1741,1
1741,Node1742,1
1742,Node1743,2
1743,Node1744,1
1744,Node1745,1
1745,Node1746,1
1746,Node1747,1
1747,Node1748,1
1748,Node1749,1
1749,Node1750,1
1750,Node1751,1
1751,Node1752,1
1752,Node1753,1
1753,Node1754,1
1754,Node1755,1
1755,Node1756,1
1756,Node1757,2
1757,Node1758,1
1758,Node1759,1
1759,Node1760,1
1760,Node1761,1
1761,Node1762,1
1762,Node1763,2
1763,Node1764,1
1764,Node1765,1
1765,Node1766,1
1766,Node1767,2
1767,Node1768,1
1768,Node1769,1
1769,Node1770,1
1770,Node1771,3
1771,Node1772,1
1772,Node1773,1
1773,Node1774,1
1774,Node1775,1
1775,Node1776,1
1776,Node1777,1
1777,Node1778,1
1778,Node1779,7
1779,Node1780,1
1780,Node1781,73
1781,Node1782,2
1782,Node1783,1
1783,Node1784,1
1784,Node1785,2
1785,Node1786,1
1786,Node1787,3
1787,Node1788,1
1788,Node1789,1
1789,Node1790,1
1790,Node1791,3
1791,Node1792,2
1792,Node1793,7
1793,Node1794,1
1794,Node1795,2
1795,Node1796,25
1796,Node1797,1
1797,Node1798,1
1798,Node1799,1
1799,Node1800,1
1800,Node1801,1
1801,Node1802,3
1802,Node1803,1
1803,Node1804,6
1804,Node1805,1
1805,Node1806,1
1806,Node1807,1
1807,Node1808,1
1808,Node1809,1
1809,Node1810,3
1810,Node1811,1
1811,Node1812,1
1812,Node1813,2
1813,Node1814,1
1814,Node1815,1
1815,Node1816,2
1816,Node1817,2
1817,Node1818,1
1818,Node1819,1
1819,Node1820,1
1820,Node1821,1
1821,Node1822,2
1822,Node1823,1
1823,Node1824,1
1824,Node1825,3
1825,Node1826,1
1826,Node1827,1
1827,Node1828,1
1828,Node1829,1
1829,Node1830,2
1830,Node1831,1
1831,Node1832,5
1832,Node1833,1
1833,Node1834,3
1834,Node1835,5
1835,Node1836,1
1836,Node1837,1
1837,Node1838,1
1838,Node1839,2
1839,Node1840,1
1840,Node1841,5
1841,Node1842,2
1842,Node1843,1
1843,Node1844,3
1844,Node1845,3
1845,Node1846,1
1846,Node1847,1
1847,Node1848,2
1848,Node1849,1
1849,Node1850,1
1850,Node1851,2
1851,Node1852,10
1852,Node1853,1
1853,Node1854,1
1854,Node1855,2
1855,Node1856,1
1856,Node1857,1
1857,Node1858,5
1858,Node1859,8
1859,Node1860,1
1860,Node1861,1
1861,Node1862,1
1862,Node1863,8
1863,Node1864,1
1864,Node1865,1
1865,Node1866,1
1866,Node1867,1
1867,Node1868,1
1868,Node1869,1
1869,Node1870,1
1870,Node1871,7
1871,Node1872,1
1872,Node1873,1
1873,Node1874,1
1874,Node1875,1
1875,Node1876,3
1876,Node1877,1
1877,Node1878,1
1878,Node1879,4
1879,Node1880,1
1880,Node1881,1
1881,Node1882,1
1882,Node1883,1
1883,Node1884,2
1884,Node1885,1
1885,Node1886,1
1886,Node1887,1
1887,Node1888,4
1888,Node1889,1
1889,Node1890,8
1890,Node1891,1
1891,Node1892,1
1892,Node1893,1
1893,Node1894,1
1894,Node1895,1
1895,Node1896,1
1896,Node1897,1
1897,Node1898,1
1898,Node1899,1
1899,Node1900,1
1900,Node1901,2
1901,Node1902,1
1902,Node1903,1
1903,Node1904,1
1904,Node1905,1
1905,Node1906,1
1906,Node1907,1
1907,Node1908,1
1908,Node1909,1
1909,Node1910,1
1910,Node1911,1
1911,Node1912,1
1912,Node1913,2
1913,Node1914,1
1914,Node1915,6
1915,Node1916,1
1916,Node1917,1
1917,Node1918,1
1918,Node1919,1
1919,Node1920,1
1920,Node1921,1
1921,Node1922,1
1922,Node1923,1
1923,Node1924,1
1924,Node1925,1
1925,Node1926,1
1926,Node1927,1
1927,Node1928,1
1928,Node1929,1
1929,Node1930,1
1930,Node1931,12
1931,Node1932,1
1932,Node1933,2
1933,Node1934,1
1934,Node1935,1
1935,Node1936,1
1936,Node1937,4
1937,Node1938,149
1938,Node1939,3
1939,Node1940,1
1940,Node1941,1
1941,Node1942,3
1942,Node1943,1
1943,Node1944,1
1944,Node1945,1
1945,Node1946,1
1946,Node1947,1
1947,Node1948,1
1948,Node1949,3
1949,Node1950,1
1950,Node1951,2
1951,Node1952,2
1952,Node1953,2
1953,Node1954,1
1954,Node1955,1
1955,Node1956,3
1956,Node1957,1
1957,Node1958,1
1958,Node1959,1
1959,Node1960,2
1960,Node1961,1
1961,Node1962,2
1962,Node1963,1
1963,Node1964,1
1964,Node1965,5
1965,Node1966,1
1966,Node1967,1
1967,Node1968,4
1968,Node1969,1
1969,Node1970,3
1970,Node1971,1
1971,Node1972,2
1972,Node1973,1
1973,Node1974,1
1974,Node1975,1
1975,Node1976,1
1976,Node1977,1
1977,Node1978,1
1978,Node1979,5
1979,Node1980,3
1980,Node1981,5
1981,Node1982,1
1982,Node1983,1
1983,Node1984,1
1984,Node1985,4
1985,Node1986,1
1986,Node1987,1
1987,Node1988,1
1988,Node1989,1
1989,Node1990,3
1990,Node1991,2
1991,Node1992,1
1992,Node1993,1
1993,Node1994,1
1994,Node1995,1
1995,Node1996,5
1996,Node1997,1
1997,Node1998,1
1998,Node1999,1
1999,Node2000,1
2000,Node2001,1
2001,Node2002,1
2002,Node2003,1
2003,Node2004,1
2004,Node2005,1
2005,Node2006,1
2006,Node2007,3
2007,Node2008,1
2008,Node2009,2
2009,Node2010,1
2010,Node2011,1
2011,Node2012,1
2012,Node2013,1
2013,Node2014,1
2014,Node2015,1
2015,Node2016,1
2016,Node2017,1
2017,Node2018,1
2018,Node2019,2
2019,Node2020,2
2020,Node2021,1
2021,Node2022,17
2022,Node2023,1
2023,Node2024,1
2024,Node2025,2
2025,Node2026,1
2026,Node2027,2
2027,Node2028,1
2028,Node2029,1
2029,Node2030,1
2030,Node2031,1
2031,Node2032,1
2032,Node2033,1
2033,Node2034,1
2034,Node2035,1
2035,Node2036,1
2036,Node2037,1
2037,Node2038,1
2038,Node2039,1
2039,Node2040,1
2040,Node2041,3
2041,Node2042,2
2042,Node2043,1
2043,Node2044,1
2044,Node2045,1
2045,Node2046,1
2046,Node2047,1
2047,Node2048,1
2048,Node2049,1
2049,Node2050,2
2050,Node2051,2
2051,Node2052,2
2052,Node2053,1
2053,Node2054,2
2054,Node2055,1
2055,Node2056,1
2056,Node2057,1
2057,Node2058,1
2058,Node2059,1
2059,Node2060,2
2060,Node2061,1
2061,Node2062,1
2062,Node2063,2
2063,Node2064,3
2064,Node2065,1
2065,Node2066,1
2066,Node2067,4
2067,Node2068,1
2068,Node2069,1
2069,Node2070,1
2070,Node2071,1
2071,Node2072,3
2072,Node2073,1
2073,Node2074,1
2074,Node2075,2
2075,Node2076,1
2076,Node2077,1
2077,Node2078,4
2078,Node2079,1
2079,Node2080,1
2080,Node2081,1
2081,Node2082,2
2082,Node2083,4
2083,Node2084,2
2084,Node2085,1
2085,Node2086,1
2086,Node2087,1
2087,Node2088,1
2088,Node2089,1
2089,Node2090,1
2090,Node2091,1
2091,Node2092,1
2092,Node2093,1
2093,Node2094,1
2094,Node2095,1
2095,Node2096,1
2096,Node2097,1
2097,Node2098,1
2098,Node2099,1
2099,Node2100,1
2100,Node2101,1
2101,Node2102,1
2102,Node2103,1
2103,Node2104,1
2104,Node2105,1
2105,Node2106,1
2106,Node2107,1
2107,Node2108,2
2108,Node2109,1
2109,Node2110,1
2110,Node2111,4
2111,Node2112,1
2112,Node2113,5
2113,Node2114,1
2114,Node2115,1
2115,Node2116,1
2116,Node2117,2
2117,Node2118,1
2118,Node2119,3
2119,Node2120,1
2120,Node2121,1
2121,Node2122,1
2122,Node2123,3
2123,Node2124,1
2124,Node2125,1
2125,Node2126,2
2126,Node2127,1
2127,Node2128,2
2128,Node2129,1
2129,Node2130,4
2130,Node2131,1
2131,Node2132,1
2132,Node2133,1
2133,Node2134,1
2134,Node2135,1
2135,Node2136,12
2136,Node2137,1
2137,Node2138,3
2138,Node2139,1
2139,Node2140,4
2140,Node2141,1
2141,Node2142,1
2142,Node2143,1
2143,Node2144,1
2144,Node2145,1
2145,Node2146,1
2146,Node2147,1
2147,Node2148,1
2148,Node2149,1
2149,Node2150,1
2150,Node2151,1
2151,Node2152,1
2152,Node2153,1
2153,Node2154,1
2154,Node2155,2
2155,Node2156,1
2156,Node2157,2
2157,Node2158,1
2158,Node2159,3
2159,Node2160,3
2160,Node2161,1
2161,Node2162,1
2162,Node2163,2
2163,Node2164,1
2164,Node2165,1
2165,Node2166,1
2166,Node2167,1
2167,Node2168,16
2168,Node2169,2
2169,Node2170,1
2170,Node2171,1
2171,Node2172,3
2172,Node2173,1
2173,Node2174,4
2174,Node2175,1
2175,Node2176,1
2176,Node2177,5
2177,Node2178,1
2178,Node2179,1
2179,Node2180,2
2180,Node2181,4
2181,Node2182,1
2182,Node2183,2
2183,Node2184,1
2184,Node2185,2
2185,Node2186,1
2186,Node2187,1
2187,Node2188,1
2188,Node2189,1
2189,Node2190,1
2190,Node2191,1
2191,Node2192,2
2192,Node2193,1
2193,Node2194,1
2194,Node2195,1
2195,Node2196,1
2196,Node2197,3
2197,Node2198,1
2198,Node2199,6
2199,Node2200,1
2200,Node2201,1
2201,Node2202,1
2202,Node2203,1
2203,Node2204,1
2204,Node2205,2
2205,Node2206,2
2206,Node2207,1
2207,Node2208,1
2208,Node2209,1
2209,Node2210,1
2210,Node2211,1
2211,Node2212,2
2212,Node2213,1
2213,Node2214,1
2214,Node2215,1
2215,Node2216,1
2216,Node2217,1
2217,Node2218,45
2218,Node2219,1
2219,Node2220,1
2220,Node2221,1
2221,Node2222,1
2222,Node2223,5
2223,Node2224,1
2224,Node2225,1
2225,Node2226,1
2226,Node2227,1
2227,Node2228,2
2228,Node2229,1
2229,Node2230,1
2230,Node2231,1
2231,Node2232,2
2232,Node2233,1
2233,Node2234,1
2234,Node2235,1
2235,Node2236,3
2236,Node2237,1
2237,Node2238,1
2238,Node2239,1
2239,Node2240,1
2240,Node2241,1
2241,Node2242,1
2242,Node2243,2
2243,Node2244,1
2244,Node2245,1
2245,Node2246,1
2246,Node2247,2
2247,Node2248,2
2248,Node2249,3
2249,Node2250,3
2250,Node2251,1
2251,Node2252,1
2252,Node2253,1
2253,Node2254,2
2254,Node2255,2
2255,Node2256,1
2256,Node2257,1
2257,Node2258,1
2258,Node2259,2
2259,Node2260,1
2260,Node2261,1
2261,Node2262,1
2262,Node2263,1
2263,Node2264,1
2264,Node2265,1
2265,Node2266,1
2266,Node2267,1
2267,Node2268,1
2268,Node2269,1
2269,Node2270,1
2270,Node2271,1
2271,Node2272,1
2272,Node2273,1
2273,Node2274,1
2274,Node2275,1
2275,Node2276,7
2276,Node2277,1
2277,Node2278,2
2278,Node2279,2
2279,Node2280,3
2280,Node2281,1
2281,Node2282,1
2282,Node2283,2
2283,Node2284,1
2284,Node2285,2
2285,Node2286,1
2286,Node2287,13
2287,Node2288,1
2288,Node2289,1
2289,Node2290,2
2290,Node2291,2
2291,Node2292,6
2292,Node2293,1
2293,Node2294,1
2294,Node2295,5
2295,Node2296,2
2296,Node2297,6
2297,Node2298,1
2298,Node2299,1
2299,Node2300,3
2300,Node2301,1
2301,Node2302,1
2302,Node2303,1
2303,Node2304,1
2304,Node2305,1
2305,Node2306,15
2306,Node2307,1
2307,Node2308,1
2308,Node2309,1
2309,Node2310,1
2310,Node2311,5
2311,Node2312,1
2312,Node2313,1
2313,Node2314,1
2314,Node2315,1
2315,Node2316,1
2316,Node2317,1
2317,Node2318,2
2318,Node2319,4
2319,Node2320,1
2320,Node2321,1
2321,Node2322,2
2322,Node2323,1
2323,Node2324,1
2324,Node2325,1
2325,Node2326,3
2326,Node2327,1
2327,Node2328,1
2328,Node2329,1
2329,Node2330,1
2330,Node2331,1
2331,Node2332,1
2332,Node2333,1
2333,Node2334,2
2334,Node2335,12
2335,Node2336,15
2336,Node2337,1
2337,Node2338,1
2338,Node2339,1
2339,Node2340,3
2340,Node2341,1
2341,Node2342,1
2342,Node2343,4
2343,Node2344,1
2344,Node2345,1
2345,Node2346,1
2346,Node2347,1
2347,Node2348,1
2348,Node2349,4
2349,Node2350,1
2350,Node2351,1
2351,Node2352,1
2352,Node2353,1
2353,Node2354,1
2354,Node2355,1
2355,Node2356,1
2356,Node2357,1
2357,Node2358,1
2358,Node2359,1
2359,Node2360,1
2360,Node2361,1
2361,Node2362,1
2362,Node2363,1
2363,Node2364,2
2364,Node2365,5
2365,Node2366,1
2366,Node2367,1
2367,Node2368,1
2368,Node2369,2
2369,Node2370,1
2370,Node2371,2
2371,Node2372,1
2372,Node2373,2
2373,Node2374,1
2374,Node2375,1
2375,Node2376,1
2376,Node2377,1
2377,Node2378,1
2378,Node2379,20
2379,Node2380,2
2380,Node2381,2
2381,Node2382,2
2382,Node2383,4
2383,Node2384,1
2384,Node2385,1
2385,Node2386,2
2386,Node2387,1
2387,Node2388,1
2388,Node2389,1
2389,Node2390,4
2390,Node2391,1
2391,Node2392,2
2392,Node2393,1
2393,Node2394,1
2394,Node2395,1
2395,Node2396,1
2396,Node2397,1
2397,Node2398,1
2398,Node2399,1
2399,Node2400,3
2400,Node2401,1
2401,Node2402,1
2402,Node2403,3
2403,Node2404,3
2404,Node2405,1
2405,Node2406,1
2406,Node2407,1
2407,Node2408,3
2408,Node2409,1
2409,Node2410,6
2410,Node2411,1
2411,Node2412,1
2412,Node2413,1
2413,Node2414,1
2414,Node2415,1
2415,Node2416,1
2416,Node2417,2
2417,Node2418,1
2418,Node2419,3
2419,Node2420,1
2420,Node2421,1
2421,Node2422,1
2422,Node2423,1
2423,Node2424,1
2424,Node2425,1
2425,Node2426,1
2426,Node2427,1
2427,Node2428,1
2428,Node2429,1
2429,Node2430,1
2430,Node2431,1
2431,Node2432,1
2432,Node2433,1
2433,Node2434,1
2434,Node2435,2
2435,Node2436,1
2436,Node2437,1
2437,Node2438,1
2438,Node2439,1
2439,Node2440,1
2440,Node2441,1
2441,Node2442,1
2442,Node2443,1
2443,Node2444,1
2444,Node2445,1
2445,Node2446,1
2446,Node2447,2
2447,Node2448,4
2448,Node2449,1
2449,Node2450,1
2450,Node2451,1
2451,Node2452,2
2452,Node2453,1
2453,Node2454,1
2454,Node2455,2
2455,Node2456,1
2456,Node2457,3
2457,Node2458,1
2458,Node2459,1
2459,Node2460,1
2460,Node2461,1
2461,Node2462,2
2462,Node2463,1
2463,Node2464,1
2464,Node2465,1
2465,Node2466,1
2466,Node2467,4
2467,Node2468,1
2468,Node2469,1
2469,Node2470,7
2470,Node2471,1
2471,Node2472,1
2472,Node2473,3
2473,Node2474,2
2474,Node2475,5
2475,Node2476,1
2476,Node2477,1
2477,Node2478,1
2478,Node2479,1
2479,Node2480,1
2480,Node2481,1
2481,Node2482,1
2482,Node2483,3
2483,Node2484,1
2484,Node2485,1
2485,Node2486,1
2486,Node2487,14
2487,Node2488,3
2488,Node2489,2
2489,Node2490,1
2490,Node2491,1
2491,Node2492,1
2492,Node2493,1
2493,Node2494,1
2494,Node2495,1
2495,Node2496,1
2496,Node2497,2
2497,Node2498,6
2498,Node2499,1
2499,Node2500,1
2500,Node2501,5
2501,Node2502,4
2502,Node2503,6
2503,Node2504,1
2504,Node2505,1
2505,Node2506,1
2506,Node2507,1
2507,Node2508,5
2508,Node2509,1
2509,Node2510,1
2510,Node2511,1
2511,Node2512,1
2512,Node2513,2
2513,Node2514,1
2514,Node2515,1
2515,Node2516,1
2516,Node2517,1
2517,Node2518,1
2518,Node2519,1
2519,Node2520,1
2520,Node2521,2
2521,Node2522,1
2522,Node2523,1
2523,Node2524,1
2524,Node2525,1
2525,Node2526,1
2526,Node2527,1
2527,Node2528,2
2528,Node2529,1
2529,Node2530,1
2530,Node2531,1
2531,Node2532,1
2532,Node2533,1
2533,Node2534,2
2534,Node2535,1
2535,Node2536,1
2536,Node2537,6
2537,Node2538,3
2538,Node2539,1
2539,Node2540,1
2540,Node2541,1
2541,Node2542,4
2542,Node2543,1
2543,Node2544,1
2544,Node2545,2
2545,Node2546,1
2546,Node2547,1
2547,Node2548,1
2548,Node2549,1
2549,Node2550,1
2550,Node2551,2
2551,Node2552,1
2552,Node2553,1
2553,Node2554,2
2554,Node2555,1
2555,Node2556,1
2556,Node2557,7
2557,Node2558,1
2558,Node2559,2
2559,Node2560,1
2560,Node2561,1
2561,Node2562,1
2562,Node2563,1
2563,Node2564,2
2564,Node2565,1
2565,Node2566,1
2566,Node2567,1
2567,Node2568,1
2568,Node2569,1
2569,Node2570,1
2570,Node2571,1
2571,Node2572,2
2572,Node2573,1
2573,Node2574,4
2574,Node2575,1
2575,Node2576,1
2576,Node2577,1
2577,Node2578,1
2578,Node2579,3
2579,Node2580,1
2580,Node2581,1
2581,Node2582,1
2582,Node2583,1
2583,Node2584,1
2584,Node2585,2
2585,Node2586,6
2586,Node2587,1
2587,Node2588,1
2588,Node2589,1
2589,Node2590,1
2590,Node2591,1
2591,Node2592,1
2592,Node2593,1
2593,Node2594,2
2594,Node2595,1
2595,Node2596,1
2596,Node2597,2
2597,Node2598,1
2598,Node2599,1
2599,Node2600,1
2600,Node2601,1
2601,Node2602,2
2602,Node2603,3
2603,Node2604,1
2604,Node2605,1
2605,Node2606,1
2606,Node2607,1
2607,Node2608,1
2608,Node2609,1
2609,Node2610,6
2610,Node2611,2
2611,Node2612,2
2612,Node2613,6
2613,Node2614,4
2614,Node2615,1
2615,Node2616,1
2616,Node2617,1
2617,Node2618,2
2618,Node2619,1
2619,Node2620,1
2620,Node2621,1
2621,Node2622,3
2622,Node2623,1
2623,Node2624,1
2624,Node2625,2
2625,Node2626,1
2626,Node2627,1
2627,Node2628,1
2628,Node2629,1
2629,Node2630,1
2630,Node2631,11
2631,Node2632,1
2632,Node2633,5
2633,Node2634,1
2634,Node2635,1
2635,Node2636,1
2636,Node2637,1
2637,Node2638,1
2638,Node2639,1
2639,Node2640,2
2640,Node2641,1
2641,Node2642,1
2642,Node2643,1
2643,Node2644,1
2644,Node2645,1
2645,Node2646,2
2646,Node2647,4
2647,Node2648,1
2648,Node2649,1
2649,Node2650,16
2650,Node2651,1
2651,Node2652,1
2652,Node2653,1
2653,Node2654,1
2654,Node2655,1
2655,Node2656,1
2656,Node2657,1
2657,Node2658,1
2658,Node2659,1
2659,Node2660,1
2660,Node2661,1
2661,Node2662,1
2662,Node2663,2
2663,Node2664,2
2664,Node2665,1
2665,Node2666,1
2666,Node2667,1
2667,Node2668,2
2668,Node2669,1
2669,Node2670,1
2670,Node2671,1
2671,Node2672,1
2672,Node2673,1
2673,Node2674,1
2674,Node2675,1
2675,Node2676,2
2676,Node2677,1
2677,Node2678,3
2678,Node2679,28
2679,Node2680,1
2680,Node2681,3
2681,Node2682,1
2682,Node2683,1
2683,Node2684,2
2684,Node2685,1
2685,Node2686,1
2686,Node2687,1
2687,Node2688,1
2688,Node2689,1
2689,Node2690,1
2690,Node2691,1
2691,Node2692,1
2692,Node2693,1
2693,Node2694,1
2694,Node2695,2
2695,Node2696,2
2696,Node2697,1
2697,Node2698,1
2698,Node2699,1
2699,Node2700,1
2700,Node2701,14
2701,Node2702,1
2702,Node2703,1
2703,Node2704,2
2704,Node2705,1
2705,Node2706,1
2706,Node2707,1
2707,Node2708,2
2708,Node2709,1
2709,Node2710,1
2710,Node2711,1
2711,Node2712,2
2712,Node2713,1
2713,Node2714,1
2714,Node2715,1
2715,Node2716,1
2716,Node2717,1
2717,Node2718,1
2718,Node2719,1
2719,Node2720,1
2720,Node2721,1
2721,Node2722,1
2722,Node2723,1
2723,Node2724,2
2724,Node2725,2
2725,Node2726,1
2726,Node2727,1
2727,Node2728,1
2728,Node2729,2
2729,Node2730,2
2730,Node2731,1
2731,Node2732,1
2732,Node2733,1
2733,Node2734,1
2734,Node2735,1
2735,Node2736,1
2736,Node2737,4
2737,Node2738,3
2738,Node2739,21
2739,Node2740,1
2740,Node2741,1
2741,Node2742,4
2742,Node2743,1
2743,Node2744,1
2744,Node2745,2
2745,Node2746,1
2746,Node2747,1
2747,Node2748,1
2748,Node2749,1
2749,Node2750,1
2750,Node2751,1
2751,Node2752,1
2752,Node2753,1
2753,Node2754,1
2754,Node2755,1
2755,Node2756,1
2756,Node2757,1
2757,Node2758,1
2758,Node2759,1
2759,Node2760,1
2760,Node2761,1
2761,Node2762,1
2762,Node2763,1
2763,Node2764,1
2764,Node2765,1
2765,Node2766,1
2766,Node2767,3
2767,Node2768,5
2768,Node2769,1
2769,Node2770,3
2770,Node2771,1
2771,Node2772,1
2772,Node2773,1
2773,Node2774,1
2774,Node2775,1
2775,Node2776,1
2776,Node2777,1
2777,Node2778,2
2778,Node2779,1
2779,Node2780,1
2780,Node2781,3
2781,Node2782,1
2782,Node2783,3
2783,Node2784,3
2784,Node2785,1
2785,Node2786,1
2786,Node2787,1
2787,Node2788,1
2788,Node2789,1
2789,Node2790,25
2790,Node2791,1
2791,Node2792,1
2792,Node2793,38
2793,Node2794,1
2794,Node2795,1
2795,Node2796,1
2796,Node2797,1
2797,Node2798,1
2798,Node2799,2
2799,Node2800,1
2800,Node2801,1
2801,Node2802,1
2802,Node2803,3
2803,Node2804,1
2804,Node2805,1
2805,Node2806,1
2806,Node2807,1
2807,Node2808,1
2808,Node2809,2
2809,Node2810,1
2810,Node2811,3
2811,Node2812,1
2812,Node2813,1
2813,Node2814,1
2814,Node2815,1
2815,Node2816,1
2816,Node2817,1
2817,Node2818,1
2818,Node2819,1
2819,Node2820,1
2820,Node2821,1
2821,Node2822,1
2822,Node2823,2
2823,Node2824,1
2824,Node2825,1
2825,Node2826,1
2826,Node2827,1
2827,Node2828,3
2828,Node2829,9
2829,Node2830,1
2830,Node2831,1
2831,Node2832,1
2832,Node2833,1
2833,Node2834,1
2834,Node2835,1
2835,Node2836,1
2836,Node2837,2
2837,Node2838,1
2838,Node2839,1
2839,Node2840,1
2840,Node2841,6
2841,Node2842,1
2842,Node2843,1
2843,Node2844,1
2844,Node2845,1
2845,Node2846,3
2846,Node2847,1
2847,Node2848,1
2848,Node2849,1
2849,Node2850,1
2850,Node2851,3
2851,Node2852,1
2852,Node2853,1
2853,Node2854,1
2854,Node2855,1
2855,Node2856,1
2856,Node2857,1
2857,Node2858,2
2858,Node2859,1
2859,Node2860,1
2860,Node2861,1
2861,Node2862,1
2862,Node2863,1
2863,Node2864,2
2864,Node2865,2
2865,Node2866,1
2866,Node2867,2
2867,Node2868,2
2868,Node2869,1
2869,Node2870,1
2870,Node2871,1
2871,Node2872,1
2872,Node2873,1
2873,Node2874,1
2874,Node2875,1
2875,Node2876,1
2876,Node2877,2
2877,Node2878,2
2878,Node2879,3
2879,Node2880,1
2880,Node2881,1
2881,Node2882,2
2882,Node2883,1
2883,Node2884,1
2884,Node2885,1
2885,Node2886,10
2886,Node2887,7
2887,Node2888,1
2888,Node2889,1
2889,Node2890,3
2890,Node2891,1
2891,Node2892,1
2892,Node2893,1
2893,Node2894,9
2894,Node2895,1
2895,Node2896,2
2896,Node2897,2
2897,Node2898,3
2898,Node2899,4
2899,Node2900,1
2900,Node2901,1
2901,Node2902,1
2902,Node2903,1
2903,Node2904,1
2904,Node2905,1
2905,Node2906,1
2906,Node2907,1
2907,Node2908,1
2908,Node2909,3
2909,Node2910,1
2910,Node2911,2
2911,Node2912,1
2912,Node2913,1
2913,Node2914,1
2914,Node2915,1
2915,Node2916,1
2916,Node2917,2
2917,Node2918,1
2918,Node2919,1
2919,Node2920,1
2920,Node2921,2
2921,Node2922,1
2922,Node2923,1
2923,Node2924,1
2924,Node2925,1
2925,Node2926,1
2926,Node2927,1
2927,Node2928,1
2928,Node2929,1
2929,Node2930,1
2930,Node2931,1
2931,Node2932,3
2932,Node2933,1
2933,Node2934,1
2934,Node2935,1
2935,Node2936,1
2936,Node2937,1
2937,Node2938,2
2938,Node2939,5
2939,Node2940,1
2940,Node2941,1
2941,Node2942,1
2942,Node2943,2
2943,Node2944,2
2944,Node2945,1
2945,Node2946,1
2946,Node2947,2
2947,Node2948,1
2948,Node2949,1
2949,Node2950,3
2950,Node2951,1
2951,Node2952,1
2952,Node2953,1
2953,Node2954,2
2954,Node2955,1
2955,Node2956,1
2956,Node2957,1
2957,Node2958,1
2958,Node2959,2
2959,Node2960,1
2960,Node2961,2
2961,Node2962,1
2962,Node2963,1
2963,Node2964,1
2964,Node2965,2
2965,Node2966,3
2966,Node2967,1
2967,Node2968,1
2968,Node2969,1
2969,Node2970,1
2970,Node2971,1
2971,Node2972,1
2972,Node2973,2
2973,Node2974,1
2974,Node2975,2
2975,Node2976,1
2976,Node2977,1
2977,Node2978,1
2978,Node2979,22
2979,Node2980,1
2980,Node2981,1
2981,Node2982,1
2982,Node2983,1
2983,Node2984,1
2984,Node2985,2
2985,Node2986,1
2986,Node2987,2
2987,Node2988,1
2988,Node2989,1
2989,Node2990,1
2990,Node2991,1
2991,Node2992,1
2992,Node2993,1
2993,Node2994,1
2994,Node2995,2
2995,Node2996,1
2996,Node2997,1
2997,Node2998,2
2998,Node2999,1
2999,Node3000,1
3000,Node3001,1
3001,Node3002,1
3002,Node3003,1
3003,Node3004,1
3004,Node3005,1
3005,Node3006,1
3006,Node3007,75
3007,Node3008,1
3008,Node3009,1
3009,Node3010,1
3010,Node3011,1
3011,Node3012,1
3012,Node3013,1
3013,Node3014,2
3014,Node3015,2
3015,Node3016,1
3016,Node3017,4
3017,Node3018,2
3018,Node3019,1
3019,Node3020,1
3020,Node3021,1
3021,Node3022,1
3022,Node3023,30
3023,Node3024,1
3024,Node3025,1
3025,Node3026,4
3026,Node3027,2
3027,Node3028,1
3028,Node3029,1
3029,Node3030,1
3030,Node3031,1
3031,Node3032,1
3032,Node3033,1
3033,Node3034,1
3034,Node3035,1
3035,Node3036,4
3036,Node3037,1
3037,Node3038,3
3038,Node3039,2
3039,Node3040,1
3040,Node3041,2
3041,Node3042,3
3042,Node3043,1
3043,Node3044,2
3044,Node3045,1
3045,Node3046,1
3046,Node3047,1
3047,Node3048,1
3048,Node3049,2
3049,Node3050,1
3050,Node3051,1
3051,Node3052,2
3052,Node3053,1
3053,Node3054,1
3054,Node3055,1
3055,Node3056,1
3056,Node3057,1
3057,Node3058,3
3058,Node3059,1
3059,Node3060,1
3060,Node3061,1
3061,Node3062,1
3062,Node3063,35
3063,Node3064,1
3064,Node3065,1
3065,Node3066,1
3066,Node3067,1
3067,Node3068,1
3068,Node3069,1
3069,Node3070,1
3070,Node3071,2
3071,Node3072,1
3072,Node3073,2
3073,Node3074,2
3074,Node3075,1
3075,Node3076,1
3076,Node3077,1
3077,Node3078,7
3078,Node3079,1
3079,Node3080,2
3080,Node3081,1
3081,Node3082,1
3082,Node3083,1
3083,Node3084,2
3084,Node3085,1
3085,Node3086,3
3086,Node3087,2
3087,Node3088,3
3088,Node3089,1
3089,Node3090,1
3090,Node3091,1
3091,Node3092,1
3092,Node3093,20
3093,Node3094,1
3094,Node3095,1
3095,Node3096,1
3096,Node3097,1
3097,Node3098,8
3098,Node3099,1
3099,Node3100,1
3100,Node3101,1
3101,Node3102,3
3102,Node3103,1
3103,Node3104,1
3104,Node3105,1
3105,Node3106,1
3106,Node3107,1
3107,Node3108,1
3108,Node3109,1
3109,Node3110,1
3110,Node3111,1
3111,Node3112,4
3112,Node3113,1
3113,Node3114,3
3114,Node3115,1
3115,Node3116,7
3116,Node3117,1
3117,Node3118,2
3118,Node3119,1
3119,Node3120,1
3120,Node3121,2
3121,Node3122,1
3122,Node3123,1
3123,Node3124,1
3124,Node3125,1
3125,Node3126,2
3126,Node3127,1
3127,Node3128,1
3128,Node3129,1
3129,Node3130,1
3130,Node3131,1
3131,Node3132,1
3132,Node3133,1
3133,Node3134,1
3134,Node3135,1
3135,Node3136,1
3136,Node3137,2
3137,Node3138,1
3138,Node3139,1
3139,Node3140,1
3140,Node3141,1
3141,Node3142,1
3142,Node3143,3
3143,Node3144,1
3144,Node3145,1
3145,Node3146,1
3146,Node3147,1
3147,Node3148,2
3148,Node3149,1
3149,Node3150,10
3150,Node3151,1
3151,Node3152,1
3152,Node3153,1
3153,Node3154,2
3154,Node3155,2
3155,Node3156,1
3156,Node3157,1
3157,Node3158,4
3158,Node3159,1
3159,Node3160,2
3160,Node3161,2
3161,Node3162,4
3162,Node3163,1
3163,Node3164,1
3164,Node3165,1
3165,Node3166,1
3166,Node3167,5
3167,Node3168,1
3168,Node3169,1
3169,Node3170,1
3170,Node3171,1
3171,Node3172,1
3172,Node3173,1
3173,Node3174,2
3174,Node3175,2
3175,Node3176,1
3176,Node3177,1
3177,Node3178,2
3178,Node3179,1
3179,Node3180,1
3180,Node3181,1
3181,Node3182,1
3182,Node3183,2
3183,Node3184,1
3184,Node3185,1
3185,Node3186,1
3186,Node3187,1
3187,Node3188,2
3188,Node3189,1
3189,Node3190,1
3190,Node3191,1
3191,Node3192,1
3192,Node3193,1
3193,Node3194,1
3194,Node3195,2
3195,Node3196,1
3196,Node3197,1
3197,Node3198,2
3198,Node3199,1
3199,Node3200,1
3200,Node3201,1
3201,Node3202,1
3202,Node3203,1
3203,Node3204,5
3204,Node3205,1
3205,Node3206,1
3206,Node3207,1
3207,Node3208,1
3208,Node3209,1
3209,Node3210,2
3210,Node3211,1
3211,Node3212,1
3212,Node3213,1
3213,Node3214,1
3214,Node3215,2
3215,Node3216,1
3216,Node3217,1
3217,Node3218,1
3218,Node3219,1
3219,Node3220,1
3220,Node3221,1
3221,Node3222,1
3222,Node3223,1
3223,Node3224,2
3224,Node3225,1
3225,Node3226,1
3226,Node3227,1
3227,Node3228,1
3228,Node3229,1
3229,Node3230,1
3230,Node3231,2
3231,Node3232,1
3232,Node3233,1
3233,Node3234,2
3234,Node3235,1
3235,Node3236,1
3236,Node3237,2
3237,Node3238,1
3238,Node3239,1
3239,Node3240,1
3240,Node3241,1
3241,Node3242,1
3242,Node3243,1
3243,Node3244,6
3244,Node3245,22
3245,Node3246,2
3246,Node3247,1
3247,Node3248,1
3248,Node3249,1
3249,Node3250,1
3250,Node3251,1
3251,Node3252,2
3252,Node3253,1
3253,Node3254,1
3254,Node3255,2
3255,Node3256,1
3256,Node3257,1
3257,Node3258,1
3258,Node3259,1
3259,Node3260,1
3260,Node3261,1
3261,Node3262,5
3262,Node3263,1
3263,Node3264,29
3264,Node3265,1
3265,Node3266,1
3266,Node3267,1
3267,Node3268,4
3268,Node3269,2
3269,Node3270,2
3270,Node3271,1
3271,Node3272,1
3272,Node3273,1
3273,Node3274,4
3274,Node3275,1
3275,Node3276,1
3276,Node3277,1
3277,Node3278,1
3278,Node3279,1
3279,Node3280,2
3280,Node3281,1
3281,Node3282,2
3282,Node3283,1
3283,Node3284,1
3284,Node3285,1
3285,Node3286,2
3286,Node3287,1
3287,Node3288,5
3288,Node3289,1
3289,Node3290,1
3290,Node3291,2
3291,Node3292,1
3292,Node3293,1
3293,Node3294,1
3294,Node3295,1
3295,Node3296,1
3296,Node3297,1
3297,Node3298,1
3298,Node3299,1
3299,Node3300,1
3300,Node3301,10
3301,Node3302,1
3302,Node3303,4
3303,Node3304,1
3304,Node3305,2
3305,Node3306,1
3306,Node3307,1
3307,Node3308,1
3308,Node3309,1
3309,Node3310,1
3310,Node3311,1
3311,Node3312,1
3312,Node3313,1
3313,Node3314,1
3314,Node3315,3
3315,Node3316,2
3316,Node3317,3
3317,Node3318,1
3318,Node3319,1
3319,Node3320,1
3320,Node3321,1
3321,Node3322,1
3322,Node3323,2
3323,Node3324,1
3324,Node3325,1
3325,Node3326,7
3326,Node3327,2
3327,Node3328,4
3328,Node3329,1
3329,Node3330,1
3330,Node3331,1
3331,Node3332,1
3332,Node3333,1
3333,Node3334,1
3334,Node3335,4
3335,Node3336,2
3336,Node3337,1
3337,Node3338,1
3338,Node3339,1
3339,Node3340,1
3340,Node3341,2
3341,Node3342,1
3342,Node3343,1
3343,Node3344,1
3344,Node3345,2
3345,Node3346,1
3346,Node3347,4
3347,Node3348,1
3348,Node3349,1
3349,Node3350,3
3350,Node3351,1
3351,Node3352,2
3352,Node3353,1
3353,Node3354,1
3354,Node3355,17
3355,Node3356,1
3356,Node3357,1
3357,Node3358,1
3358,Node3359,3
3359,Node3360,1
3360,Node3361,1
3361,Node3362,1
3362,Node3363,1
3363,Node3364,10
3364,Node3365,2
3365,Node3366,1
3366,Node3367,3
3367,Node3368,1
3368,Node3369,1
3369,Node3370,6
3370,Node3371,1
3371,Node3372,1
3372,Node3373,1
3373,Node3374,1
3374,Node3375,3
3375,Node3376,1
3376,Node3377,6
3377,Node3378,1
3378,Node3379,6
3379,Node3380,1
3380,Node3381,1
3381,Node3382,1
3382,Node3383,1
3383,Node3384,1
3384,Node3385,7
3385,Node3386,1
3386,Node3387,4
3387,Node3388,2
3388,Node3389,3
3389,Node3390,1
3390,Node3391,1
3391,Node3392,1
3392,Node3393,1
3393,Node3394,1
3394,Node3395,1
3395,Node3396,1
3396,Node3397,1
3397,Node3398,1
3398,Node3399,1
3399,Node3400,1
3400,Node3401,1
3401,Node3402,3
3402,Node3403,1
3403,Node3404,1
3404,Node3405,1
3405,Node3406,1
3406,Node3407,1
3407,Node3408,49
3408,Node3409,1
3409,Node3410,1
3410,Node3411,1
3411,Node3412,1
3412,Node3413,1
3413,Node3414,1
3414,Node3415,1
3415,Node3416,1
3416,Node3417,1
3417,Node3418,1
3418,Node3419,4
3419,Node3420,1
3420,Node3421,1
3421,Node3422,1
3422,Node3423,1
3423,Node3424,1
3424,Node3425,1
3425,Node3426,2
3426,Node3427,4
3427,Node3428,2
3428,Node3429,1
3429,Node3430,1
3430,Node3431,1
3431,Node3432,1
3432,Node3433,1
3433,Node3434,1
3434,Node3435,1
3435,Node3436,2
3436,Node3437,1
3437,Node3438,1
3438,Node3439,1
3439,Node3440,1
3440,Node3441,1
3441,Node3442,1
3442,Node3443,1
3443,Node3444,1
3444,Node3445,1
3445,Node3446,1
3446,Node3447,1
3447,Node3448,1
3448,Node3449,1
3449,Node3450,1
3450,Node3451,1
3451,Node3452,1
3452,Node3453,1
3453,Node3454,2
3454,Node3455,1
3455,Node3456,1
3456,Node3457,2
3457,Node3458,1
3458,Node3459,1
3459,Node3460,1
3460,Node3461,1
3461,Node3462,1
3462,Node3463,1
3463,Node3464,3
3464,Node3465,1
3465,Node3466,1
3466,Node3467,1
3467,Node3468,1
3468,Node3469,1
3469,Node3470,1
3470,Node3471,1
3471,Node3472,1
3472,Node3473,5
3473,Node3474,1
3474,Node3475,1
3475,Node3476,1
3476,Node3477,1
3477,Node3478,1
3478,Node3479,1
3479,Node3480,1
3480,Node3481,1
3481,Node3482,1
3482,Node3483,1
3483,Node3484,1
3484,Node3485,4
3485,Node3486,1
3486,Node3487,1
3487,Node3488,1
3488,Node3489,1
3489,Node3490,1
3490,Node3491,1
3491,Node3492,6
3492,Node3493,1
3493,Node3494,1
3494,Node3495,2
3495,Node3496,1
3496,Node3497,1
3497,Node3498,1
3498,Node3499,14
3499,Node3500,2
3500,Node3501,1
3501,Node3502,1
3502,Node3503,1
3503,Node3504,1
3504,Node3505,1
3505,Node3506,1
3506,Node3507,2
3507,Node3508,5
3508,Node3509,1
3509,Node3510,1
3510,Node3511,1
3511,Node3512,1
3512,Node3513,1
3513,Node3514,1
3514,Node3515,1
3515,Node3516,1
3516,Node3517,1
3517,Node3518,1
3518,Node3519,3
3519,Node3520,2
3520,Node3521,1
3521,Node3522,1
3522,Node3523,1
3523,Node3524,1
3524,Node3525,1
3525,Node3526,1
3526,Node3527,1
3527,Node3528,1
3528,Node3529,1
3529,Node3530,1
3530,Node3531,1
3531,Node3532,37
3532,Node3533,1
3533,Node3534,1
3534,Node3535,3
3535,Node3536,4
3536,Node3537,1
3537,Node3538,1
3538,Node3539,1
3539,Node3540,2
3540,Node3541,1
3541,Node3542,1
3542,Node3543,1
3543,Node3544,1
3544,Node3545,1
3545,Node3546,1
3546,Node3547,2
3547,Node3548,1
3548,Node3549,1
3549,Node3550,1
3550,Node3551,1
3551,Node3552,4
3552,Node3553,1
3553,Node3554,1
3554,Node3555,1
3555,Node3556,1
3556,Node3557,1
3557,Node3558,1
3558,Node3559,1
3559,Node3560,5
3560,Node3561,1
3561,Node3562,1
3562,Node3563,1
3563,Node3564,2
3564,Node3565,1
3565,Node3566,1
3566,Node3567,1
3567,Node3568,4
3568,Node3569,1
3569,Node3570,1
3570,Node3571,1
3571,Node3572,1
3572,Node3573,1
3573,Node3574,11
3574,Node3575,1
3575,Node3576,1
3576,Node3577,1
3577,Node3578,1
3578,Node3579,1
3579,Node3580,1
3580,Node3581,2
3581,Node3582,4
3582,Node3583,1
3583,Node3584,1
3584,Node3585,2
3585,Node3586,1
3586,Node3587,1
3587,Node3588,1
3588,Node3589,9
3589,Node3590,2
3590,Node3591,1
3591,Node3592,1
3592,Node3593,3
3593,Node3594,1
3594,Node3595,1
3595,Node3596,1
3596,Node3597,1
3597,Node3598,1
3598,Node3599,2
3599,Node3600,2
3600,Node3601,1
3601,Node3602,1
3602,Node3603,1
3603,Node3604,1
3604,Node3605,1
3605,Node3606,1
3606,Node3607,3
3607,Node3608,7
3608,Node3609,3
3609,Node3610,1
3610,Node3611,1
3611,Node3612,2
3612,Node3613,1
3613,Node3614,5
3614,Node3615,1
3615,Node3616,7
3616,Node3617,1
3617,Node3618,1
3618,Node3619,1
3619,Node3620,1
3620,Node3621,1
3621,Node3622,2
3622,Node3623,1
3623,Node3624,1
3624,Node3625,1
3625,Node3626,2
3626,Node3627,1
3627,Node3628,2
3628,Node3629,1
3629,Node3630,1
3630,Node3631,1
3631,Node3632,1
3632,Node3633,1
3633,Node3634,1
3634,Node3635,2
3635,Node3636,1
3636,Node3637,1
3637,Node3638,2
3638,Node3639,1
3639,Node3640,2
3640,Node3641,1
3641,Node3642,3
3642,Node3643,2
3643,Node3644,1
3644,Node3645,1
3645,Node3646,1
3646,Node3647,1
3647,Node3648,1
3648,Node3649,1
3649,Node3650,1
3650,Node3651,1
3651,Node3652,2
3652,Node3653,1
3653,Node3654,1
3654,Node3655,1
3655,Node3656,1
3656,Node3657,1
3657,Node3658,1
3658,Node3659,1
3659,Node3660,1
3660,Node3661,1
3661,Node3662,17
3662,Node3663,1
3663,Node3664,1
3664,Node3665,1
3665,Node3666,1
3666,Node3667,1
3667,Node3668,1
3668,Node3669,1
3669,Node3670,1
3670,Node3671,1
3671,Node3672,1
3672,Node3673,1
3673,Node3674,6
3674,Node3675,1
3675,Node3676,1
3676,Node3677,1
3677,Node3678,1
3678,Node3679,2
3679,Node3680,1
3680,Node3681,1
3681,Node3682,2
3682,Node3683,1
3683,Node3684,1
3684,Node3685,1
3685,Node3686,1
3686,Node3687,1
3687,Node3688,1
3688,Node3689,2
3689,Node3690,2
3690,Node3691,2
3691,Node3692,1
3692,Node3693,1
3693,Node3694,3
3694,Node3695,1
3695,Node3696,1
3696,Node3697,4
3697,Node3698,1
3698,Node3699,1
3699,Node3700,1
3700,Node3701,1
3701,Node3702,1
3702,Node3703,1
3703,Node3704,1
3704,Node3705,1
3705,Node3706,1
3706,Node3707,2
3707,Node3708,2
3708,Node3709,1
3709,Node3710,1
3710,Node3711,1
3711,Node3712,1
3712,Node3713,1
3713,Node3714,1
3714,Node3715,2
3715,Node3716,2
3716,Node3717,1
3717,Node3718,17
3718,Node3719,1
3719,Node3720,1
3720,Node3721,1
3721,Node3722,1
3722,Node3723,1
3723,Node3724,1
3724,Node3725,1
3725,Node3726,1
3726,Node3727,93
3727,Node3728,8
3728,Node3729,2
3729,Node3730,2
3730,Node3731,1
3731,Node3732,1
3732,Node3733,1
3733,Node3734,1
3734,Node3735,1
3735,Node3736,1
3736,Node3737,1
3737,Node3738,1
3738,Node3739,1
3739,Node3740,2
3740,Node3741,1
3741,Node3742,2
3742,Node3743,1
3743,Node3744,1
3744,Node3745,4
3745,Node3746,1
3746,Node3747,1
3747,Node3748,1
3748,Node3749,1
3749,Node3750,3
3750,Node3751,1
3751,Node3752,1
3752,Node3753,1
3753,Node3754,1
3754,Node3755,1
3755,Node3756,4
3756,Node3757,1
3757,Node3758,1
3758,Node3759,1
3759,Node3760,1
3760,Node3761,1
3761,Node3762,1
3762,Node3763,1
3763,Node3764,1
3764,Node3765,1
3765,Node3766,1
3766,Node3767,1
3767,Node3768,4
3768,Node3769,1
3769,Node3770,1
3770,Node3771,1
3771,Node3772,1
3772,Node3773,1
3773,Node3774,1
3774,Node3775,1
3775,Node3776,1
3776,Node3777,1
3777,Node3778,1
3778,Node3779,4
3779,Node3780,1
3780,Node3781,1
3781,Node3782,1
3782,Node3783,1
3783,Node3784,2
3784,Node3785,1
3785,Node3786,1
3786,Node3787,1
3787,Node3788,1
3788,Node3789,4
3789,Node3790,1
3790,Node3791,1
3791,Node3792,1
3792,Node3793,1
3793,Node3794,1
3794,Node3795,1
3795,Node3796,1
3796,Node3797,1
3797,Node3798,1
3798,Node3799,1
3799,Node3800,1
3800,Node3801,2
3801,Node3802,1
3802,Node3803,1
3803,Node3804,5
3804,Node3805,2
3805,Node3806,1
3806,Node3807,2
3807,Node3808,1
3808,Node3809,3
3809,Node3810,1
3810,Node3811,1
3811,Node3812,1
3812,Node3813,1
3813,Node3814,2
3814,Node3815,1
3815,Node3816,2
3816,Node3817,1
3817,Node3818,1
3818,Node3819,1
3819,Node3820,1
3820,Node3821,1
3821,Node3822,1
3822,Node3823,1
3823,Node3824,1
3824,Node3825,1
3825,Node3826,5
3826,Node3827,1
3827,Node3828,1
3828,Node3829,2
3829,Node3830,1
3830,Node3831,1
3831,Node3832,1
3832,Node3833,1
3833,Node3834,1
3834,Node3835,1
3835,Node3836,1
3836,Node3837,1
3837,Node3838,1
3838,Node3839,1
3839,Node3840,1
3840,Node3841,3
3841,Node3842,2
3842,Node3843,1
3843,Node3844,1
3844,Node3845,1
3845,Node3846,1
3846,Node3847,3
3847,Node3848,1
3848,Node3849,1
3849,Node3850,1
3850,Node3851,1
3851,Node3852,1
3852,Node3853,1
3853,Node3854,3
3854,Node3855,1
3855,Node3856,1
3856,Node3857,2
3857,Node3858,1
3858,Node3859,1
3859,Node3860,1
3860,Node3861,1
3861,Node3862,1
3862,Node3863,1
3863,Node3864,1
3864,Node3865,1
3865,Node3866,1
3866,Node3867,1
3867,Node3868,42
3868,Node3869,1
3869,Node3870,1
3870,Node3871,2
3871,Node3872,2
3872,Node3873,1
3873,Node3874,2
3874,Node3875,1
3875,Node3876,1
3876,Node3877,2
3877,Node3878,3
3878,Node3879,3
3879,Node3880,1
3880,Node3881,10
3881,Node3882,2
3882,Node3883,1
3883,Node3884,1
3884,Node3885,1
3885,Node3886,1
3886,Node3887,1
3887,Node3888,1
3888,Node3889,1
3889,Node3890,1
3890,Node3891,1
3891,Node3892,1
3892,Node3893,1
3893,Node3894,2
3894,Node3895,1
3895,Node3896,2
3896,Node3897,1
3897,Node3898,1
3898,Node3899,1
3899,Node3900,1
3900,Node3901,8
3901,Node3902,3
3902,Node3903,1
3903,Node3904,6
3904,Node3905,1
3905,Node3906,1
3906,Node3907,1
3907,Node3908,2
3908,Node3909,1
3909,Node3910,1
3910,Node3911,6
3911,Node3912,1
3912,Node3913,1
3913,Node3914,2
3914,Node3915,1
3915,Node3916,5
3916,Node3917,1
3917,Node3918,2
3918,Node3919,1
3919,Node3920,1
3920,Node3921,4
3921,Node3922,1
3922,Node3923,1
3923,Node3924,1
3924,Node3925,1
3925,Node3926,1
3926,Node3927,5
3927,Node3928,1
3928,Node3929,1
3929,Node3930,1
3930,Node3931,1
3931,Node3932,1
3932,Node3933,1
3933,Node3934,1
3934,Node3935,3
3935,Node3936,1
3936,Node3937,1
3937,Node3938,1
3938,Node3939,1
3939,Node3940,2
3940,Node3941,1
3941,Node3942,2
3942,Node3943,111
3943,Node3944,1
3944,Node3945,1
3945,Node3946,1
3946,Node3947,1
3947,Node3948,1
3948,Node3949,7
3949,Node3950,1
3950,Node3951,2
3951,Node3952,1
3952,Node3953,1
3953,Node3954,1
3954,Node3955,1
3955,Node3956,1
3956,Node3957,1
3957,Node3958,4
3958,Node3959,1
3959,Node3960,1
3960,Node3961,1
3961,Node3962,2
3962,Node3963,1
3963,Node3964,1
3964,Node3965,1
3965,Node3966,1
3966,Node3967,2
3967,Node3968,1
3968,Node3969,1
3969,Node3970,1
3970,Node3971,1
3971,Node3972,1
3972,Node3973,1
3973,Node3974,1
3974,Node3975,2
3975,Node3976,1
3976,Node3977,1
3977,Node3978,2
3978,Node3979,1
3979,Node3980,2
3980,Node3981,1
3981,Node3982,2
3982,Node3983,1
3983,Node3984,1
3984,Node3985,1
3985,Node3986,1
3986,Node3987,3
3987,Node3988,1
3988,Node3989,1
3989,Node3990,1
3990,Node3991,1
3991,Node3992,1
3992,Node3993,1
3993,Node3994,1
3994,Node3995,1
3995,Node3996,1
3996,Node3997,1
3997,Node3998,3
3998,Node3999,2
3999,Node4000,1
